Ind,M1,M2,M3,M4,M5,M6,M7,M8,M9,M10,M11,M12,M13,M14,BW
Ind1,1,1,1,1,1,1,1,1,1,1,1,1,1,1,50
Ind2,1,1,1,1,1,1,1,1,1,1,1,1,1,0,54
Ind3,0,1,1,1,1,1,1,1,1,1,1,1,1,1,49
Ind4,0,0,0,0,0,0,0,0,0,0,0,0,0,0,41
Ind5,1,1,1,1,1,1,1,1,1,1,1,1,1,1,36
Ind6,0,0,0,0,0,0,0,0,0,0,0,0,0,0,48
Ind7,0,0,0,0,0,0,1,1,1,1,1,1,1,1,37
Ind8,1,1,1,1,1,1,1,1,1,1,1,1,1,0,55
Ind9,0,0,0,0,0,0,0,0,0,0,0,0,0,0,42
Ind10,0,0,0,0,0,0,0,0,0,0,0,0,0,0,46
Ind11,0,0,0,0,1,1,1,1,1,1,1,1,1,1,39
Ind12,1,1,1,1,1,1,1,1,1,1,1,1,0,0,58
Ind13,1,1,1,1,1,1,1,1,1,1,1,1,1,0,56
Ind14,0,0,0,0,0,0,0,0,0,0,0,0,0,0,44
Ind15,1,1,1,1,1,1,1,1,1,1,1,1,1,1,60
Ind16,1,1,1,1,1,1,1,1,1,1,1,0,1,1,70
Ind17,0,0,0,0,0,1,1,1,1,1,1,1,1,1,62
Ind18,0,0,0,0,0,0,0,0,0,0,0,0,0,0,48
Ind19,0,0,0,0,0,0,0,0,0,0,0,0,0,0,51
Ind20,0,0,0,0,0,0,0,0,0,0,0,0,0,0,48
Ind21,0,0,0,0,0,0,0,0,0,0,0,0,0,0,44
Ind22,1,1,1,1,1,1,1,1,1,1,1,1,1,1,71
Ind23,0,0,0,0,0,1,1,1,1,1,1,1,1,1,49
Ind24,0,0,0,0,0,0,0,0,0,0,0,0,1,1,40
Ind25,1,1,1,1,1,1,0,0,0,0,0,0,0,0,51
Ind26,0,0,0,0,0,0,0,0,0,0,0,0,0,0,43
Ind27,1,1,1,1,1,1,1,1,1,1,1,1,1,1,63
Ind28,1,1,1,1,1,1,1,1,1,1,1,1,1,1,62
Ind29,1,1,1,1,1,1,1,1,1,1,1,1,1,1,71
Ind30,1,1,1,1,1,1,1,1,1,1,1,1,1,1,52
Ind31,0,0,0,0,0,0,0,0,0,0,0,0,0,0,47
Ind32,0,0,0,0,0,0,0,1,1,1,1,1,1,1,56
Ind33,0,0,0,0,0,0,0,0,0,1,1,1,1,1,53
Ind34,1,1,1,1,1,1,1,1,1,0,0,0,0,0,50
Ind35,1,1,1,1,1,1,1,1,1,1,1,1,1,1,71
Ind36,0,0,0,0,0,0,0,0,0,0,0,0,0,0,53
Ind37,0,1,1,1,1,1,1,1,1,1,1,1,1,0,57
Ind38,0,0,0,0,0,0,0,0,0,0,0,0,0,0,41
Ind39,0,0,0,0,0,0,0,0,0,0,0,0,0,0,30
Ind40,1,1,1,1,1,1,1,1,1,1,1,1,1,1,56
Ind41,1,1,1,1,1,1,1,1,1,1,1,1,1,1,59
Ind42,0,0,0,0,0,0,1,1,1,1,1,1,1,1,60
Ind43,1,1,1,1,1,1,1,1,1,1,1,1,1,1,46
Ind44,0,0,0,0,0,0,0,0,0,0,0,0,0,0,50
Ind45,1,1,1,1,1,1,1,1,1,1,1,1,1,1,49
Ind46,0,1,1,1,1,1,1,1,1,1,1,1,1,1,71
Ind47,0,0,0,0,0,0,0,0,0,0,0,0,0,0,55
Ind48,0,0,0,0,0,0,0,1,1,1,1,1,1,1,52
Ind49,0,0,0,0,0,0,0,0,0,0,0,0,0,0,44
Ind50,1,1,1,1,1,1,1,1,1,1,1,1,1,1,35
Ind51,1,1,1,1,1,1,1,1,1,1,1,1,1,0,57
Ind52,0,0,0,0,0,0,0,0,0,0,0,0,0,0,54
Ind53,1,1,1,1,1,1,1,1,1,1,1,1,1,1,62
Ind54,1,1,1,1,1,1,1,1,1,1,1,1,1,1,49
Ind55,0,0,1,1,1,1,1,1,1,1,1,1,1,1,59
Ind56,0,0,0,0,0,0,0,0,0,0,0,0,0,0,35
Ind57,0,0,0,0,0,0,0,0,1,1,1,1,1,1,43
Ind58,0,0,0,0,0,0,0,0,0,0,0,0,0,0,45
Ind59,0,0,0,0,1,1,1,1,1,1,0,1,1,0,44
Ind60,0,0,0,0,0,0,0,0,0,0,0,0,0,0,47
Ind61,0,0,0,0,0,0,0,0,0,0,0,0,0,0,51
Ind62,0,0,0,0,0,0,0,0,0,0,0,0,0,0,50
Ind63,0,0,0,0,0,0,0,0,0,0,0,0,0,0,44
Ind64,0,0,0,0,0,0,0,0,0,0,0,0,1,1,44
Ind65,0,1,1,1,1,1,1,1,1,1,1,1,1,0,49
Ind66,0,0,0,0,0,0,0,0,0,0,0,0,0,0,43
Ind67,0,0,0,0,0,0,0,0,0,0,0,0,1,1,45
Ind68,0,0,0,0,0,0,0,0,0,0,0,0,0,1,53
Ind69,0,0,0,0,0,0,0,0,0,0,1,1,1,1,42
Ind70,1,1,1,1,1,1,1,1,1,1,1,1,1,1,43
Ind71,1,1,1,1,1,1,1,1,1,1,1,1,1,1,58
Ind72,0,0,0,0,0,0,0,0,0,0,0,0,0,0,36
Ind73,1,0,0,0,0,0,0,0,0,0,0,0,0,0,51
Ind74,1,1,1,1,1,1,1,1,1,1,1,1,1,1,47
Ind75,1,1,1,1,1,1,1,1,1,1,1,1,1,0,68
Ind76,1,1,1,1,1,1,1,1,1,1,1,1,1,1,56
Ind77,1,1,1,1,1,1,1,1,1,1,1,1,1,1,56
Ind78,1,1,1,1,1,1,1,1,1,1,1,1,1,1,69
Ind79,1,1,1,1,1,1,0,0,0,0,0,0,0,0,46
Ind80,1,1,1,1,1,1,1,1,1,1,1,1,1,1,52
Ind81,1,0,0,0,0,0,0,0,0,0,0,1,1,1,43
Ind82,0,0,0,0,0,0,0,0,0,0,0,0,1,1,40
Ind83,1,1,1,1,1,1,1,1,1,1,1,1,1,1,79
Ind84,0,0,0,0,0,0,0,1,1,1,1,1,1,1,57
Ind85,1,1,1,1,1,1,1,1,1,1,1,1,1,1,43
Ind86,0,0,0,0,0,0,0,0,0,0,0,0,0,0,56
Ind87,0,0,0,0,0,0,0,0,0,0,0,0,0,0,40
Ind88,0,0,0,0,0,0,0,0,0,0,0,0,0,0,44
Ind89,0,0,0,0,0,0,0,0,0,0,0,0,0,0,40
Ind90,0,0,0,0,0,0,0,0,0,0,0,0,1,1,66
Ind91,0,0,0,0,0,0,0,0,0,0,0,0,0,0,32
Ind92,0,0,0,0,0,0,0,0,0,0,0,0,0,0,45
Ind93,1,1,1,1,1,0,0,0,0,0,0,0,0,0,45
Ind94,0,0,0,0,0,0,0,0,0,0,0,0,0,0,53
Ind95,0,0,0,0,0,0,0,1,1,1,1,1,1,0,48
Ind96,0,0,0,0,0,0,1,1,1,1,1,1,1,1,36
Ind97,0,0,0,0,0,0,0,0,0,0,0,0,0,0,50
Ind98,0,0,0,0,0,0,0,0,0,0,0,0,0,0,56
Ind99,0,0,0,0,0,0,0,0,0,0,0,0,0,0,50
Ind100,1,1,1,1,0,0,0,0,0,0,0,0,0,0,45
Ind101,1,1,1,0,0,0,0,0,0,0,0,0,0,0,43
Ind102,0,0,0,0,0,0,0,0,0,0,0,0,0,1,37
Ind103,1,0,0,0,0,0,0,0,0,0,0,0,0,0,35
